source,target,relationship
prabinpanta0,levonk,following
prabinpanta0,kenjinote,following
prabinpanta0,sarkarshuvojit,following
prabinpanta0,gamemann,following
prabinpanta0,idimetrix,following
prabinpanta0,ArminKardan,following
prabinpanta0,seehiong,following
prabinpanta0,manman4,following
prabinpanta0,KylerCondran,following
prabinpanta0,mustafacagri,following
prabinpanta0,onamfc,following
prabinpanta0,jonkirathe,following
prabinpanta0,murapadev,following
prabinpanta0,StyvenSoft,following
prabinpanta0,Hackinet,following
prabinpanta0,holasoymalva,following
prabinpanta0,tientq64,following
prabinpanta0,shimodateakira,following
prabinpanta0,18kredapple,following
prabinpanta0,xsa-dev,following
prabinpanta0,lucyhunter9411,following
prabinpanta0,IDouble,following
prabinpanta0,Fadhaa,following
prabinpanta0,djvelimir,following
prabinpanta0,guevaraStian,following
prabinpanta0,BrilliantAdam,following
prabinpanta0,visualGravitySense,following
prabinpanta0,Chitus,following
prabinpanta0,lodhik9,following
prabinpanta0,KostasSliazas,following
prabinpanta0,Connor9994,following
prabinpanta0,Brainydaps,following
prabinpanta0,anasmohammad611,following
prabinpanta0,standardgalactic,following
prabinpanta0,sandibrrm,following
prabinpanta0,instrik,following
prabinpanta0,NiniTurner,following
prabinpanta0,nstrmx,following
prabinpanta0,rennf93,following
prabinpanta0,jfullstackdev,following
prabinpanta0,Alimz-z,following
prabinpanta0,PanGan21,following
prabinpanta0,emmanuelvelmo,following
prabinpanta0,Maksbicoin,following
prabinpanta0,pushitchaudhary,following
prabinpanta0,cerenyilmazjinx,following
prabinpanta0,oluiscabral,following
prabinpanta0,LUCASFRANKINC,following
prabinpanta0,nholuongut,following
prabinpanta0,mindstar0209,following
prabinpanta0,marcmotta,following
prabinpanta0,gary111868,following
prabinpanta0,QOZU,following
prabinpanta0,HosseinJafari2001,following
prabinpanta0,ewhu,following
prabinpanta0,OfficialCodeVoyage,following
prabinpanta0,JohnMwendwa,following
prabinpanta0,xgek,following
prabinpanta0,Hexzilla,following
prabinpanta0,D-Mass-RR,following
prabinpanta0,shining0611armor,following
prabinpanta0,Saltinbank-SyS,following
prabinpanta0,samglish,following
prabinpanta0,Charles-Chrismann,following
prabinpanta0,fesarikaya,following
prabinpanta0,joemar25,following
prabinpanta0,WhisperNet,following
prabinpanta0,ethanflower1903,following
prabinpanta0,lxRbckl,following
prabinpanta0,serkantolga,following
prabinpanta0,ChanithaAbey,following
prabinpanta0,watchout254,following
prabinpanta0,khvci,following
prabinpanta0,MohamedMohamoud,following
prabinpanta0,AnasMohammad4321,following
prabinpanta0,AbdullahRashid133,following
prabinpanta0,Mlook70,following
prabinpanta0,ekrishnachaitanya2004,following
prabinpanta0,ikanurfitriani,following
prabinpanta0,D-Gaspa,following
prabinpanta0,Davidevlops,following
prabinpanta0,ezozu,following
prabinpanta0,cgrundman,following
prabinpanta0,sttve,following
prabinpanta0,rider0211,following
prabinpanta0,george0st,following
prabinpanta0,oliviawilson2003,following
prabinpanta0,carlargm,following
prabinpanta0,wahyudesu,following
prabinpanta0,aldrshan,following
prabinpanta0,cumsoft,following
prabinpanta0,nfterrax,following
prabinpanta0,amirebadi21,following
prabinpanta0,Frosmin,following
prabinpanta0,Siris4,following
prabinpanta0,cse21-091,following
prabinpanta0,sabbir-noyon,following
prabinpanta0,Coralnws,following
prabinpanta0,odest,following
prabinpanta0,VitorCarvalho67,following
prabinpanta0,kyiroywops,following
prabinpanta0,m-bwela,following
prabinpanta0,SteveTheAnimator,following
prabinpanta0,paulo-magls,following
prabinpanta0,sh1n3sh1n3,following
prabinpanta0,rayder-dev,following
prabinpanta0,shahnozahaydarova,following
prabinpanta0,seaidear,following
prabinpanta0,taisprestes01,following
prabinpanta0,iamapuneet,following
prabinpanta0,sachithdh,following
prabinpanta0,CursedPrograms,following
prabinpanta0,sajjad-salam,following
prabinpanta0,DIMFLIX,following
prabinpanta0,PETROUNKNOWN,following
prabinpanta0,Aran-tm,following
prabinpanta0,meory101,following
prabinpanta0,sahildevstory,following
prabinpanta0,godfreymatagaro,following
prabinpanta0,lollocenne,following
prabinpanta0,laurindoisaac,following
prabinpanta0,Motaman-M,following
prabinpanta0,conich10,following
prabinpanta0,santoshsaroj0032,following
prabinpanta0,stainless-nata,following
prabinpanta0,Umutplvn,following
prabinpanta0,saajann,following
prabinpanta0,jaisarun53,following
prabinpanta0,tubakhxn,following
prabinpanta0,ParhamPishro,following
prabinpanta0,K1rsN7,following
prabinpanta0,ahmedemadl,following
prabinpanta0,Billionairre,following
prabinpanta0,huzgrx,following
prabinpanta0,RafalW3bCraft,following
prabinpanta0,phntmzn,following
prabinpanta0,Daniel-Alvarenga,following
prabinpanta0,dhanarrizky,following
prabinpanta0,Ccangaro747,following
prabinpanta0,mateoguerra0315,following
prabinpanta0,tedster0629,following
prabinpanta0,mcdrm,following
prabinpanta0,hailystevens,following
prabinpanta0,abaoo3,following
prabinpanta0,EduardoDosSantosFerreira,following
prabinpanta0,s-n-3,following
prabinpanta0,sairajnaikwade,following
prabinpanta0,AmirPeyravan,following
prabinpanta0,M-Yadolahi,following
prabinpanta0,MohamedKrd,following
prabinpanta0,akash-tk,following
prabinpanta0,psharifi1997,following
prabinpanta0,mahseema,following
prabinpanta0,DaddyMohandes,following
prabinpanta0,marichu-kt,following
prabinpanta0,ikramagix,following
prabinpanta0,codewithdhruba01,following
prabinpanta0,Maxwell-Muthui-Mwangi,following
prabinpanta0,kpshivaprasath,following
prabinpanta0,seniorvuejsdeveloper,following
prabinpanta0,Iqbolshoh,following
prabinpanta0,krkarma777,following
prabinpanta0,mhmdghaedi,following
prabinpanta0,karr-x1,following
prabinpanta0,hediyehtaleban,following
prabinpanta0,ezadin2,following
prabinpanta0,nastaranmofakhami,following
prabinpanta0,Julianidiego,following
prabinpanta0,screwIIum,following
prabinpanta0,abderrahmane-laourf,following
prabinpanta0,FarzaneF,following
prabinpanta0,cfrBernard,following
prabinpanta0,emirkaanozdemr,following
prabinpanta0,Ansh-699,following
prabinpanta0,nullptrException100,following
prabinpanta0,Ellen010,following
prabinpanta0,yasi8084,following
prabinpanta0,ThisIsAR7,following
prabinpanta0,sheriffwoody0922,following
prabinpanta0,Peti6inge,following
prabinpanta0,niushaghavamii,following
prabinpanta0,s7evenv,following
prabinpanta0,Kimiaiz,following
prabinpanta0,Mitraa-mh,following
prabinpanta0,HastiNeg,following
prabinpanta0,AnahitaMolaei,following
prabinpanta0,Dornamohtaram,following
prabinpanta0,haniaa83,following
prabinpanta0,reza-rezaee,following
prabinpanta0,maryamdnn,following
prabinpanta0,Still-Aysan,following
prabinpanta0,Shark-87,following
prabinpanta0,TiraDevHead,following
prabinpanta0,FaezehRahimian,following
prabinpanta0,mr0ravi,following
prabinpanta0,Soheilja28,following
prabinpanta0,Gezal1382,following
prabinpanta0,shahrowz,following
prabinpanta0,maryam-kazemi,following
prabinpanta0,mahakkhajeh,following
prabinpanta0,KianaRamezanian,following
prabinpanta0,FATEMEHGHANOONI,following
prabinpanta0,Elenavz83,following
prabinpanta0,Kiimmiiya,following
prabinpanta0,Mehrdadakbari0,following
prabinpanta0,fatemehataei,following
prabinpanta0,rkhalili83,following
prabinpanta0,melomahmoodi,following
prabinpanta0,he1iahosseini,following
prabinpanta0,Amir100200,following
prabinpanta0,AIDABGI,following
prabinpanta0,ranju12k,following
prabinpanta0,B12Plan,following
prabinpanta0,Vendeta430,following
prabinpanta0,GrayMamoru,following
prabinpanta0,thelabmde,following
prabinpanta0,samanes11,following
prabinpanta0,MohamadNasrollahi,following
prabinpanta0,melikajafari79,following
prabinpanta0,ZahraHosseinkhani,following
prabinpanta0,baninpezhhan,following
prabinpanta0,yyle88,following
prabinpanta0,MohammadRezaTarahomi,following
prabinpanta0,Fatemehkiani2002,following
prabinpanta0,Ali1Safi,following
prabinpanta0,0joseDark,following
prabinpanta0,anthonymike180,following
prabinpanta0,jasixiedust,following
prabinpanta0,Suxrob27,following
prabinpanta0,alikhazaeii,following
prabinpanta0,kourosh07,following
prabinpanta0,Ninja1375,following
prabinpanta0,FJahanmiri,following
prabinpanta0,MaryamFereidooni,following
prabinpanta0,omidnk02,following
prabinpanta0,alieeahmadi08,following
prabinpanta0,SammyBoiii07,following
prabinpanta0,CODGhost911,following
prabinpanta0,zinping,following
prabinpanta0,LegendaryNaix,following
prabinpanta0,MightyTechNinja,following
prabinpanta0,angelskisses,following
prabinpanta0,HENTAIcast,following
prabinpanta0,Flatplanet69,following
prabinpanta0,olafhappy,following
prabinpanta0,redsupertomato,following
prabinpanta0,soheylasadi,following
prabinpanta0,JawherKl,following
prabinpanta0,Arminba79,following
prabinpanta0,kdalton0518,following
prabinpanta0,Barmadmim,following
prabinpanta0,danialtorkinezhad,following
prabinpanta0,principlesoftware-dev,following
prabinpanta0,eriwek,following
prabinpanta0,Ravi-Dahiya-00,following
prabinpanta0,nanadiy,following
prabinpanta0,shox404,following
prabinpanta0,legendymoon,following
prabinpanta0,KaytmazV,following
prabinpanta0,scarstcw,following
prabinpanta0,LysCiprianno,following
prabinpanta0,denysmalieiev,following
prabinpanta0,gambling-addict,following
prabinpanta0,mi6paulino,following
prabinpanta0,light-hat,following
prabinpanta0,Anon23261,following
prabinpanta0,fermincasquero,following
prabinpanta0,melino-dev,following
prabinpanta0,itsKayWat,following
prabinpanta0,MdShawonForazi,following
prabinpanta0,sarahdanesh,following
prabinpanta0,tuxedo7,following
prabinpanta0,annar9919,following
prabinpanta0,destroy-boys,following
prabinpanta0,DmytroPutko,following
prabinpanta0,magicdev05050229,following
prabinpanta0,LinuxJS,following
prabinpanta0,aylar-ghezelbash,following
prabinpanta0,wecoded-dev,following
prabinpanta0,lightningdev447,following
prabinpanta0,KHC2003,following
prabinpanta0,smartMinion221,following
prabinpanta0,fortune-js,following
prabinpanta0,brightdev124,following
prabinpanta0,siergiejkwasowdev,following
prabinpanta0,Victor0x330,following
prabinpanta0,buddy0323,following
prabinpanta0,kumar-pratik1006,following
prabinpanta0,likhonsheikhofficial,following
prabinpanta0,156afl,following
prabinpanta0,lautaroifranecho,following
prabinpanta0,crypto0402,following
prabinpanta0,GoldStar0103,following
prabinpanta0,d3v1sh,following
prabinpanta0,yosuke-kuroki,following
prabinpanta0,nelbetancur,following
prabinpanta0,submitaitools,following
prabinpanta0,Cboy220,following
prabinpanta0,hexninjaT,following
prabinpanta0,BitMorphX,following
prabinpanta0,Lyne6666,following
prabinpanta0,chmpX,following
prabinpanta0,rosem-coder,following
prabinpanta0,imdypha,following
prabinpanta0,heracodes123,following
prabinpanta0,omarnasim25,following
prabinpanta0,uhsr,following
prabinpanta0,Youssif-Kady,following
levonk,prabinpanta0,following
kenjinote,prabinpanta0,following
sarkarshuvojit,prabinpanta0,following
gamemann,prabinpanta0,following
idimetrix,prabinpanta0,following
ArminKardan,prabinpanta0,following
seehiong,prabinpanta0,following
manman4,prabinpanta0,following
KylerCondran,prabinpanta0,following
mustafacagri,prabinpanta0,following
onamfc,prabinpanta0,following
jonkirathe,prabinpanta0,following
murapadev,prabinpanta0,following
StyvenSoft,prabinpanta0,following
Hackinet,prabinpanta0,following
holasoymalva,prabinpanta0,following
tientq64,prabinpanta0,following
shimodateakira,prabinpanta0,following
18kredapple,prabinpanta0,following
xsa-dev,prabinpanta0,following
lucyhunter9411,prabinpanta0,following
IDouble,prabinpanta0,following
Fadhaa,prabinpanta0,following
djvelimir,prabinpanta0,following
guevaraStian,prabinpanta0,following
BrilliantAdam,prabinpanta0,following
visualGravitySense,prabinpanta0,following
Chitus,prabinpanta0,following
lodhik9,prabinpanta0,following
KostasSliazas,prabinpanta0,following
Connor9994,prabinpanta0,following
Brainydaps,prabinpanta0,following
anasmohammad611,prabinpanta0,following
standardgalactic,prabinpanta0,following
sandibrrm,prabinpanta0,following
instrik,prabinpanta0,following
NiniTurner,prabinpanta0,following
nstrmx,prabinpanta0,following
rennf93,prabinpanta0,following
jfullstackdev,prabinpanta0,following
Alimz-z,prabinpanta0,following
PanGan21,prabinpanta0,following
emmanuelvelmo,prabinpanta0,following
Maksbicoin,prabinpanta0,following
pushitchaudhary,prabinpanta0,following
cerenyilmazjinx,prabinpanta0,following
oluiscabral,prabinpanta0,following
LUCASFRANKINC,prabinpanta0,following
nholuongut,prabinpanta0,following
mindstar0209,prabinpanta0,following
marcmotta,prabinpanta0,following
gary111868,prabinpanta0,following
QOZU,prabinpanta0,following
HosseinJafari2001,prabinpanta0,following
ewhu,prabinpanta0,following
OfficialCodeVoyage,prabinpanta0,following
JohnMwendwa,prabinpanta0,following
xgek,prabinpanta0,following
Hexzilla,prabinpanta0,following
D-Mass-RR,prabinpanta0,following
shining0611armor,prabinpanta0,following
Saltinbank-SyS,prabinpanta0,following
samglish,prabinpanta0,following
Charles-Chrismann,prabinpanta0,following
fesarikaya,prabinpanta0,following
joemar25,prabinpanta0,following
WhisperNet,prabinpanta0,following
ethanflower1903,prabinpanta0,following
lxRbckl,prabinpanta0,following
serkantolga,prabinpanta0,following
ChanithaAbey,prabinpanta0,following
watchout254,prabinpanta0,following
khvci,prabinpanta0,following
MohamedMohamoud,prabinpanta0,following
AnasMohammad4321,prabinpanta0,following
AbdullahRashid133,prabinpanta0,following
Mlook70,prabinpanta0,following
ekrishnachaitanya2004,prabinpanta0,following
ikanurfitriani,prabinpanta0,following
D-Gaspa,prabinpanta0,following
Davidevlops,prabinpanta0,following
ezozu,prabinpanta0,following
cgrundman,prabinpanta0,following
sttve,prabinpanta0,following
rider0211,prabinpanta0,following
george0st,prabinpanta0,following
oliviawilson2003,prabinpanta0,following
carlargm,prabinpanta0,following
wahyudesu,prabinpanta0,following
aldrshan,prabinpanta0,following
cumsoft,prabinpanta0,following
nfterrax,prabinpanta0,following
amirebadi21,prabinpanta0,following
Frosmin,prabinpanta0,following
Siris4,prabinpanta0,following
cse21-091,prabinpanta0,following
sabbir-noyon,prabinpanta0,following
Coralnws,prabinpanta0,following
odest,prabinpanta0,following
VitorCarvalho67,prabinpanta0,following
kyiroywops,prabinpanta0,following
m-bwela,prabinpanta0,following
SteveTheAnimator,prabinpanta0,following
paulo-magls,prabinpanta0,following
sh1n3sh1n3,prabinpanta0,following
rayder-dev,prabinpanta0,following
shahnozahaydarova,prabinpanta0,following
seaidear,prabinpanta0,following
taisprestes01,prabinpanta0,following
iamapuneet,prabinpanta0,following
sachithdh,prabinpanta0,following
CursedPrograms,prabinpanta0,following
sajjad-salam,prabinpanta0,following
DIMFLIX,prabinpanta0,following
PETROUNKNOWN,prabinpanta0,following
Aran-tm,prabinpanta0,following
meory101,prabinpanta0,following
sahildevstory,prabinpanta0,following
godfreymatagaro,prabinpanta0,following
lollocenne,prabinpanta0,following
laurindoisaac,prabinpanta0,following
Motaman-M,prabinpanta0,following
conich10,prabinpanta0,following
santoshsaroj0032,prabinpanta0,following
stainless-nata,prabinpanta0,following
Umutplvn,prabinpanta0,following
saajann,prabinpanta0,following
jaisarun53,prabinpanta0,following
tubakhxn,prabinpanta0,following
ParhamPishro,prabinpanta0,following
K1rsN7,prabinpanta0,following
ahmedemadl,prabinpanta0,following
Billionairre,prabinpanta0,following
huzgrx,prabinpanta0,following
RafalW3bCraft,prabinpanta0,following
phntmzn,prabinpanta0,following
Daniel-Alvarenga,prabinpanta0,following
dhanarrizky,prabinpanta0,following
Ccangaro747,prabinpanta0,following
mateoguerra0315,prabinpanta0,following
tedster0629,prabinpanta0,following
mcdrm,prabinpanta0,following
hailystevens,prabinpanta0,following
abaoo3,prabinpanta0,following
EduardoDosSantosFerreira,prabinpanta0,following
s-n-3,prabinpanta0,following
sairajnaikwade,prabinpanta0,following
AmirPeyravan,prabinpanta0,following
M-Yadolahi,prabinpanta0,following
MohamedKrd,prabinpanta0,following
akash-tk,prabinpanta0,following
psharifi1997,prabinpanta0,following
mahseema,prabinpanta0,following
DaddyMohandes,prabinpanta0,following
marichu-kt,prabinpanta0,following
ikramagix,prabinpanta0,following
codewithdhruba01,prabinpanta0,following
Maxwell-Muthui-Mwangi,prabinpanta0,following
kpshivaprasath,prabinpanta0,following
seniorvuejsdeveloper,prabinpanta0,following
Iqbolshoh,prabinpanta0,following
krkarma777,prabinpanta0,following
mhmdghaedi,prabinpanta0,following
karr-x1,prabinpanta0,following
hediyehtaleban,prabinpanta0,following
ezadin2,prabinpanta0,following
nastaranmofakhami,prabinpanta0,following
Julianidiego,prabinpanta0,following
screwIIum,prabinpanta0,following
abderrahmane-laourf,prabinpanta0,following
FarzaneF,prabinpanta0,following
cfrBernard,prabinpanta0,following
emirkaanozdemr,prabinpanta0,following
Ansh-699,prabinpanta0,following
nullptrException100,prabinpanta0,following
Ellen010,prabinpanta0,following
yasi8084,prabinpanta0,following
ThisIsAR7,prabinpanta0,following
sheriffwoody0922,prabinpanta0,following
Peti6inge,prabinpanta0,following
niushaghavamii,prabinpanta0,following
s7evenv,prabinpanta0,following
Kimiaiz,prabinpanta0,following
Mitraa-mh,prabinpanta0,following
HastiNeg,prabinpanta0,following
AnahitaMolaei,prabinpanta0,following
Dornamohtaram,prabinpanta0,following
haniaa83,prabinpanta0,following
reza-rezaee,prabinpanta0,following
maryamdnn,prabinpanta0,following
Still-Aysan,prabinpanta0,following
Shark-87,prabinpanta0,following
TiraDevHead,prabinpanta0,following
FaezehRahimian,prabinpanta0,following
mr0ravi,prabinpanta0,following
Soheilja28,prabinpanta0,following
Gezal1382,prabinpanta0,following
shahrowz,prabinpanta0,following
maryam-kazemi,prabinpanta0,following
mahakkhajeh,prabinpanta0,following
KianaRamezanian,prabinpanta0,following
FATEMEHGHANOONI,prabinpanta0,following
Elenavz83,prabinpanta0,following
Kiimmiiya,prabinpanta0,following
Mehrdadakbari0,prabinpanta0,following
fatemehataei,prabinpanta0,following
rkhalili83,prabinpanta0,following
melomahmoodi,prabinpanta0,following
he1iahosseini,prabinpanta0,following
Amir100200,prabinpanta0,following
AIDABGI,prabinpanta0,following
ranju12k,prabinpanta0,following
B12Plan,prabinpanta0,following
Vendeta430,prabinpanta0,following
GrayMamoru,prabinpanta0,following
thelabmde,prabinpanta0,following
samanes11,prabinpanta0,following
MohamadNasrollahi,prabinpanta0,following
melikajafari79,prabinpanta0,following
ZahraHosseinkhani,prabinpanta0,following
baninpezhhan,prabinpanta0,following
yyle88,prabinpanta0,following
MohammadRezaTarahomi,prabinpanta0,following
Fatemehkiani2002,prabinpanta0,following
Ali1Safi,prabinpanta0,following
0joseDark,prabinpanta0,following
anthonymike180,prabinpanta0,following
jasixiedust,prabinpanta0,following
Suxrob27,prabinpanta0,following
alikhazaeii,prabinpanta0,following
kourosh07,prabinpanta0,following
Ninja1375,prabinpanta0,following
FJahanmiri,prabinpanta0,following
MaryamFereidooni,prabinpanta0,following
omidnk02,prabinpanta0,following
alieeahmadi08,prabinpanta0,following
SammyBoiii07,prabinpanta0,following
CODGhost911,prabinpanta0,following
zinping,prabinpanta0,following
LegendaryNaix,prabinpanta0,following
MightyTechNinja,prabinpanta0,following
angelskisses,prabinpanta0,following
HENTAIcast,prabinpanta0,following
Flatplanet69,prabinpanta0,following
olafhappy,prabinpanta0,following
redsupertomato,prabinpanta0,following
soheylasadi,prabinpanta0,following
JawherKl,prabinpanta0,following
Arminba79,prabinpanta0,following
kdalton0518,prabinpanta0,following
Barmadmim,prabinpanta0,following
danialtorkinezhad,prabinpanta0,following
principlesoftware-dev,prabinpanta0,following
eriwek,prabinpanta0,following
Ravi-Dahiya-00,prabinpanta0,following
nanadiy,prabinpanta0,following
shox404,prabinpanta0,following
legendymoon,prabinpanta0,following
KaytmazV,prabinpanta0,following
scarstcw,prabinpanta0,following
LysCiprianno,prabinpanta0,following
denysmalieiev,prabinpanta0,following
gambling-addict,prabinpanta0,following
mi6paulino,prabinpanta0,following
light-hat,prabinpanta0,following
Anon23261,prabinpanta0,following
fermincasquero,prabinpanta0,following
melino-dev,prabinpanta0,following
itsKayWat,prabinpanta0,following
MdShawonForazi,prabinpanta0,following
sarahdanesh,prabinpanta0,following
tuxedo7,prabinpanta0,following
annar9919,prabinpanta0,following
destroy-boys,prabinpanta0,following
DmytroPutko,prabinpanta0,following
magicdev05050229,prabinpanta0,following
LinuxJS,prabinpanta0,following
aylar-ghezelbash,prabinpanta0,following
wecoded-dev,prabinpanta0,following
lightningdev447,prabinpanta0,following
KHC2003,prabinpanta0,following
smartMinion221,prabinpanta0,following
fortune-js,prabinpanta0,following
brightdev124,prabinpanta0,following
siergiejkwasowdev,prabinpanta0,following
Victor0x330,prabinpanta0,following
buddy0323,prabinpanta0,following
kumar-pratik1006,prabinpanta0,following
likhonsheikhofficial,prabinpanta0,following
156afl,prabinpanta0,following
lautaroifranecho,prabinpanta0,following
crypto0402,prabinpanta0,following
GoldStar0103,prabinpanta0,following
d3v1sh,prabinpanta0,following
yosuke-kuroki,prabinpanta0,following
nelbetancur,prabinpanta0,following
submitaitools,prabinpanta0,following
Cboy220,prabinpanta0,following
hexninjaT,prabinpanta0,following
BitMorphX,prabinpanta0,following
Lyne6666,prabinpanta0,following
chmpX,prabinpanta0,following
rosem-coder,prabinpanta0,following
imdypha,prabinpanta0,following
heracodes123,prabinpanta0,following
omarnasim25,prabinpanta0,following
uhsr,prabinpanta0,following
Youssif-Kady,prabinpanta0,following
